timestamp,player,page,action
2026-03-18 14:47,Kuniggsbog,Dashboard,visit
2026-03-18 14:49,Kuniggsbog,Dashboard,visit
2026-03-18 14:50,Kuniggsbog,Head to Head,visit
2026-03-18 14:50,Kuniggsbog,Head to Head,h2h:-=LEO=- vs -Baba Yaga-
2026-03-18 14:50,Kuniggsbog,Head to Head,visit
2026-03-18 14:50,Kuniggsbog,Head to Head,h2h:-Baba Yaga- vs Kuniggsbog
2026-03-18 14:50,Kuniggsbog,Head to Head,visit
2026-03-18 14:50,Kuniggsbog,Head to Head,h2h:Kuniggsbog vs lasherbob
2026-03-18 14:50,Kuniggsbog,Dashboard,visit
2026-03-18 14:51,Kuniggsbog,Player Profiles,visit
2026-03-18 14:51,Kuniggsbog,Player Profiles,visit
2026-03-18 14:51,Kuniggsbog,Player Profiles,visit
2026-03-18 14:51,Kuniggsbog,Player Profiles,viewed:lasherbob
2026-03-18 14:51,Kuniggsbog,Player Profiles,visit
2026-03-18 14:51,Kuniggsbog,Player Profiles,visit
2026-03-18 14:51,Kuniggsbog,Player Profiles,visit
2026-03-18 14:51,Kuniggsbog,Player Profiles,visit
2026-03-18 14:51,Kuniggsbog,Player Profiles,viewed:Kuniggsbog
2026-03-18 14:52,Kuniggsbog,Player Profiles,visit
2026-03-18 14:52,Kuniggsbog,Player Profiles,visit
2026-03-18 14:52,Kuniggsbog,GBG,visit
2026-03-18 14:55,Kuniggsbog,Metrics,visit
2026-03-18 14:55,Kuniggsbog,Hall of Fame,visit
2026-03-18 14:56,Kuniggsbog,Head to Head,visit
2026-03-18 14:56,Kuniggsbog,Head to Head,h2h:-=LEO=- vs -Baba Yaga-
2026-03-18 14:56,Kuniggsbog,Head to Head,visit
2026-03-18 14:56,Kuniggsbog,Head to Head,visit
2026-03-18 14:56,Kuniggsbog,Head to Head,h2h:-Baba Yaga- vs Kuniggsbog
2026-03-18 14:58,Kuniggsbog,Dashboard,visit
2026-03-18 15:00,Kuniggsbog,Dashboard,visit
2026-03-18 15:01,Kuniggsbog,Head to Head,visit
2026-03-18 15:01,Kuniggsbog,Head to Head,h2h:-=LEO=- vs -Baba Yaga-
2026-03-18 15:01,Kuniggsbog,Metrics,visit
2026-03-18 15:01,Kuniggsbog,Hall of Fame,visit
2026-03-18 15:12,Kuniggsbog,Dashboard,visit
2026-03-18 15:12,Kuniggsbog,Metrics,visit
2026-03-18 15:13,Kuniggsbog,Hall of Fame,visit
2026-03-18 15:14,Kuniggsbog,Dashboard,visit
2026-03-18 15:16,Kuniggsbog,Dashboard,visit
2026-03-18 15:17,Kuniggsbog,Dashboard,visit
2026-03-18 15:20,Kuniggsbog,Dashboard,visit
2026-03-18 15:20,Kuniggsbog,Head to Head,visit
2026-03-18 15:20,Kuniggsbog,Head to Head,h2h:-=LEO=- vs -Baba Yaga-
2026-03-18 15:21,Kuniggsbog,Head to Head,visit
2026-03-18 15:21,Kuniggsbog,Head to Head,h2h:-Baba Yaga- vs Kuniggsbog
2026-03-18 15:21,Kuniggsbog,Head to Head,visit
2026-03-18 15:21,Kuniggsbog,Head to Head,h2h:-Baba Yaga- vs HoanggLam
2026-03-18 15:21,Kuniggsbog,Metrics,visit
2026-03-18 15:21,Kuniggsbog,Hall of Fame,visit
2026-03-18 15:22,Kuniggsbog,Dashboard,visit
2026-03-18 15:36,Kuniggsbog,Player Profiles,visit
2026-03-18 15:36,Kuniggsbog,Player Profiles,visit
2026-03-18 15:36,Kuniggsbog,Player Profiles,visit
2026-03-18 15:36,Kuniggsbog,Player Profiles,viewed:lasherbob
2026-03-18 16:28,Kuniggsbog,Dashboard,visit
2026-03-18 16:28,Kuniggsbog,Metrics,visit
2026-03-18 16:28,Kuniggsbog,GBG,visit
2026-03-18 16:29,Kuniggsbog,QI,visit
2026-03-18 16:35,Kuniggsbog,Dashboard,visit
2026-03-18 16:36,Kuniggsbog,Player Profiles,visit
2026-03-18 16:36,Kuniggsbog,Player Profiles,visit
2026-03-18 16:36,Kuniggsbog,Player Profiles,visit
2026-03-18 16:36,Kuniggsbog,Player Profiles,viewed:lasherbob
2026-03-18 16:36,Kuniggsbog,Dashboard,visit
2026-03-18 16:41,Kuniggsbog,Dashboard,visit
2026-03-18 16:43,Kuniggsbog,Dashboard,visit
2026-03-18 16:45,Kuniggsbog,Dashboard,visit
2026-03-18 16:47,Kuniggsbog,Dashboard,visit
2026-03-18 16:49,Kuniggsbog,Dashboard,visit
2026-03-18 17:00,Kuniggsbog,Dashboard,visit
2026-03-18 17:04,Kuniggsbog,Dashboard,visit
2026-03-18 17:04,Kuniggsbog,GBG,visit
2026-03-18 17:04,Kuniggsbog,Dashboard,visit
2026-03-18 17:04,Kuniggsbog,Player Profiles,visit
2026-03-18 17:04,Kuniggsbog,Head to Head,visit
2026-03-18 17:04,Kuniggsbog,Head to Head,h2h:-=LEO=- vs -Baba Yaga-
2026-03-18 17:05,Kuniggsbog,Metrics,visit
2026-03-18 17:06,Kuniggsbog,Head to Head,visit
2026-03-18 17:06,Kuniggsbog,Head to Head,h2h:-=LEO=- vs -Baba Yaga-
2026-03-18 17:06,Kuniggsbog,Dashboard,visit
2026-03-18 17:08,Kuniggsbog,GBG,visit
2026-03-18 17:08,Kuniggsbog,Dashboard,visit
2026-03-18 17:11,Kuniggsbog,Hall of Fame,visit
2026-03-18 17:12,Kuniggsbog,Dashboard,visit
2026-03-18 17:15,Kuniggsbog,Player Profiles,visit
2026-03-18 17:15,Kuniggsbog,Player Profiles,visit
2026-03-18 17:15,Kuniggsbog,Player Profiles,visit
2026-03-18 17:15,Kuniggsbog,Player Profiles,viewed:lasherbob
2026-03-18 17:18,Kuniggsbog,Dashboard,visit
2026-03-18 17:18,Kuniggsbog,Player Profiles,visit
2026-03-18 17:18,Kuniggsbog,Player Profiles,visit
2026-03-18 17:18,Kuniggsbog,Player Profiles,visit
2026-03-18 17:18,Kuniggsbog,Player Profiles,viewed:lasherbob
2026-03-18 17:21,Kuniggsbog,Player Profiles,visit
2026-03-18 17:21,Kuniggsbog,Player Profiles,visit
2026-03-18 17:21,Kuniggsbog,Player Profiles,visit
2026-03-18 17:21,Kuniggsbog,Player Profiles,visit
2026-03-18 17:21,Kuniggsbog,Player Profiles,viewed:lasherbob
2026-03-18 17:22,Kuniggsbog,Dashboard,visit
2026-03-18 17:23,Kuniggsbog,Player Profiles,visit
2026-03-18 17:23,Kuniggsbog,Player Profiles,visit
2026-03-18 17:23,Kuniggsbog,Player Profiles,visit
2026-03-18 17:23,Kuniggsbog,Player Profiles,viewed:lasherbob
2026-03-18 17:26,Kuniggsbog,Dashboard,visit
2026-03-18 17:26,Kuniggsbog,Player Profiles,visit
2026-03-18 17:26,Kuniggsbog,Player Profiles,visit
2026-03-18 17:26,Kuniggsbog,Player Profiles,visit
2026-03-18 17:26,Kuniggsbog,Player Profiles,viewed:lasherbob
2026-03-18 17:26,Kuniggsbog,Player Profiles,visit
2026-03-18 17:26,Kuniggsbog,Player Profiles,visit
2026-03-18 17:26,Kuniggsbog,Player Profiles,visit
2026-03-18 17:26,Kuniggsbog,Player Profiles,visit
2026-03-18 17:26,Kuniggsbog,Player Profiles,viewed:lasherbob
2026-03-18 17:30,Kuniggsbog,Dashboard,visit
2026-03-18 17:30,Kuniggsbog,Player Profiles,visit
2026-03-18 17:30,Kuniggsbog,Player Profiles,visit
2026-03-18 17:30,Kuniggsbog,Player Profiles,visit
2026-03-18 17:30,Kuniggsbog,Player Profiles,viewed:lasherbob
2026-03-18 17:37,Kuniggsbog,Dashboard,visit
2026-03-18 17:37,Kuniggsbog,Player Profiles,visit
2026-03-18 17:37,Kuniggsbog,Player Profiles,visit
2026-03-18 17:37,Kuniggsbog,Player Profiles,visit
2026-03-18 17:37,Kuniggsbog,Player Profiles,viewed:lasherbob
2026-03-18 17:37,Kuniggsbog,Player Profiles,visit
2026-03-18 17:37,Kuniggsbog,Player Profiles,visit
2026-03-18 17:37,Kuniggsbog,Player Profiles,visit
2026-03-18 17:37,Kuniggsbog,Player Profiles,visit
2026-03-18 17:37,Kuniggsbog,Player Profiles,viewed:Kuniggsbog
2026-03-18 17:38,Kuniggsbog,Player Profiles,visit
2026-03-18 17:38,Kuniggsbog,Player Profiles,visit
2026-03-18 17:40,Kuniggsbog,Dashboard,visit
2026-03-18 17:40,Kuniggsbog,Player Profiles,visit
2026-03-18 17:40,Kuniggsbog,Player Profiles,visit
2026-03-18 17:40,Kuniggsbog,Player Profiles,visit
2026-03-18 17:40,Kuniggsbog,Player Profiles,viewed:lasherbob
2026-03-19 10:28,Kuniggsbog,Dashboard,visit
2026-03-19 10:31,Kuniggsbog,Player Profiles,visit
2026-03-19 10:31,Kuniggsbog,Player Profiles,visit
2026-03-19 10:31,Kuniggsbog,Player Profiles,visit
2026-03-19 10:31,Kuniggsbog,Player Profiles,visit
2026-03-19 10:31,Kuniggsbog,Player Profiles,viewed:lasherbob
2026-03-19 10:32,Kuniggsbog,Dashboard,visit
2026-03-19 10:37,Kuniggsbog,Dashboard,visit
2026-03-19 10:37,Kuniggsbog,Player Profiles,visit
2026-03-19 10:37,Kuniggsbog,Player Profiles,visit
2026-03-19 10:37,Kuniggsbog,Player Profiles,visit
2026-03-19 10:37,Kuniggsbog,Player Profiles,viewed:Kuniggsbog
2026-03-19 10:38,Kuniggsbog,Dashboard,visit
2026-03-19 10:38,Kuniggsbog,Player Profiles,visit
2026-03-19 10:39,Kuniggsbog,Player Profiles,visit
2026-03-19 10:39,Kuniggsbog,Player Profiles,visit
2026-03-19 10:39,Kuniggsbog,Player Profiles,viewed:lasherbob
2026-03-19 10:41,Kuniggsbog,Dashboard,visit
2026-03-19 10:41,Kuniggsbog,Player Profiles,visit
2026-03-19 10:41,Kuniggsbog,Player Profiles,visit
2026-03-19 10:41,Kuniggsbog,Player Profiles,visit
2026-03-19 10:41,Kuniggsbog,Player Profiles,viewed:lasherbob
2026-03-19 10:43,Kuniggsbog,Dashboard,visit
2026-03-19 10:44,Kuniggsbog,Player Profiles,visit
2026-03-19 10:44,Kuniggsbog,Player Profiles,visit
2026-03-19 10:44,Kuniggsbog,Player Profiles,visit
2026-03-19 10:44,Kuniggsbog,Player Profiles,viewed:DaFunkyMonkey
2026-03-19 10:44,Kuniggsbog,Player Profiles,visit
2026-03-19 10:44,Kuniggsbog,Player Profiles,visit
2026-03-19 10:44,Kuniggsbog,Player Profiles,visit
2026-03-19 10:44,Kuniggsbog,Player Profiles,visit
2026-03-19 10:44,Kuniggsbog,Player Profiles,viewed:mehdialone
2026-03-19 10:44,Kuniggsbog,Player Profiles,visit
2026-03-19 10:44,Kuniggsbog,Player Profiles,visit
2026-03-19 10:44,Kuniggsbog,Player Profiles,visit
2026-03-19 10:44,Kuniggsbog,Player Profiles,visit
2026-03-19 10:44,Kuniggsbog,Player Profiles,viewed:CCCC123
2026-03-19 10:44,Kuniggsbog,Player Profiles,visit
2026-03-19 10:44,Kuniggsbog,Player Profiles,visit
2026-03-19 10:44,Kuniggsbog,Player Profiles,visit
2026-03-19 10:44,Kuniggsbog,Player Profiles,visit
2026-03-19 10:44,Kuniggsbog,Player Profiles,viewed:friendly
2026-03-19 10:44,Kuniggsbog,Player Profiles,visit
2026-03-19 10:44,Kuniggsbog,Player Profiles,visit
2026-03-19 10:44,Kuniggsbog,Player Profiles,visit
2026-03-19 10:45,Kuniggsbog,Player Profiles,visit
2026-03-19 10:45,Kuniggsbog,Player Profiles,viewed:DaFunkyMonkey
2026-03-19 10:49,Kuniggsbog,Dashboard,visit
2026-03-19 10:49,Kuniggsbog,Player Profiles,visit
2026-03-19 10:49,Kuniggsbog,Player Profiles,visit
2026-03-19 10:49,Kuniggsbog,Player Profiles,visit
2026-03-19 10:49,Kuniggsbog,Player Profiles,viewed:DaFunkyMonkey
2026-03-19 10:50,Kuniggsbog,Player Profiles,visit
2026-03-19 10:50,Kuniggsbog,Player Profiles,visit
2026-03-19 10:53,Kuniggsbog,Player Profiles,visit
2026-03-19 11:01,Kuniggsbog,Dashboard,visit
2026-03-19 11:06,Kuniggsbog,QI,visit
2026-03-19 11:06,Kuniggsbog,Player Profiles,visit
2026-03-19 11:06,Kuniggsbog,Player Profiles,visit
2026-03-19 11:06,Kuniggsbog,Player Profiles,visit
2026-03-19 11:06,Kuniggsbog,Player Profiles,viewed:lasherbob
2026-03-19 11:07,Kuniggsbog,Player Profiles,visit
2026-03-19 11:07,Kuniggsbog,Player Profiles,visit
2026-03-19 11:07,Kuniggsbog,Player Profiles,visit
2026-03-19 11:07,Kuniggsbog,Player Profiles,visit
2026-03-19 11:07,Kuniggsbog,Player Profiles,visit
2026-03-19 11:07,Kuniggsbog,Player Profiles,viewed:DaFunkyMonkey
2026-03-19 11:07,Kuniggsbog,Player Profiles,visit
2026-03-19 11:07,Kuniggsbog,Player Profiles,viewed:DaFunkyMonkey
2026-03-19 11:07,Kuniggsbog,Player Profiles,visit
2026-03-19 11:07,Kuniggsbog,Player Profiles,viewed:DaFunkyMonkey
2026-03-19 11:07,Kuniggsbog,Player Profiles,visit
2026-03-19 11:07,Kuniggsbog,Player Profiles,visit
2026-03-19 11:07,Kuniggsbog,Head to Head,visit
2026-03-19 11:07,Kuniggsbog,Head to Head,h2h:-=LEO=- vs -Baba Yaga-
2026-03-19 11:08,Kuniggsbog,Player Profiles,visit
2026-03-19 11:08,Kuniggsbog,Dashboard,visit
2026-03-19 11:14,Kuniggsbog,Dashboard,visit
2026-03-19 11:31,Kuniggsbog,Dashboard,visit
2026-03-19 11:31,Kuniggsbog,Player Profiles,visit
2026-03-19 11:32,Kuniggsbog,Player Profiles,visit
2026-03-19 11:32,Kuniggsbog,Player Profiles,visit
2026-03-19 11:32,Kuniggsbog,Player Profiles,viewed:lasherbob
2026-03-19 11:32,Kuniggsbog,Dashboard,visit
2026-03-19 11:32,Kuniggsbog,Head to Head,visit
2026-03-19 11:32,Kuniggsbog,Head to Head,h2h:-=LEO=- vs -Baba Yaga-
2026-03-19 11:32,Kuniggsbog,Head to Head,visit
2026-03-19 11:32,Kuniggsbog,Head to Head,h2h:-Baba Yaga- vs Kuniggsbog
2026-03-19 11:33,Kuniggsbog,Dashboard,visit
2026-03-19 11:34,Kuniggsbog,Dashboard,visit
2026-03-19 11:41,Kuniggsbog,Dashboard,visit
2026-03-19 11:42,Kuniggsbog,Player Profiles,visit
2026-03-19 11:42,Kuniggsbog,Player Profiles,visit
2026-03-19 11:42,Kuniggsbog,Player Profiles,visit
2026-03-19 11:42,Kuniggsbog,Player Profiles,viewed:lasherbob
2026-03-19 11:45,Kuniggsbog,Metrics,visit
2026-03-19 11:47,Kuniggsbog,Dashboard,visit
2026-03-19 11:47,Kuniggsbog,Player Profiles,visit
2026-03-19 11:47,Kuniggsbog,Player Profiles,visit
2026-03-19 11:47,Kuniggsbog,Player Profiles,visit
2026-03-19 11:47,Kuniggsbog,Player Profiles,viewed:lasherbob
2026-03-19 11:49,Kuniggsbog,Dashboard,visit
2026-03-19 11:49,Kuniggsbog,Player Profiles,visit
2026-03-19 11:49,Kuniggsbog,Player Profiles,visit
2026-03-19 11:49,Kuniggsbog,Player Profiles,visit
2026-03-19 11:49,Kuniggsbog,Player Profiles,viewed:lasherbob
2026-03-19 11:53,Kuniggsbog,Metrics,visit
2026-03-19 12:05,Kuniggsbog,Dashboard,visit
2026-03-19 12:05,Kuniggsbog,GBG,visit
2026-03-19 12:05,Kuniggsbog,Dashboard,visit
2026-03-19 12:06,Kuniggsbog,Metrics,visit
2026-03-19 12:07,Kuniggsbog,Player Profiles,visit
2026-03-19 12:08,Kuniggsbog,Player Profiles,visit
2026-03-19 12:08,Kuniggsbog,Player Profiles,visit
2026-03-19 12:08,Kuniggsbog,Player Profiles,viewed:lasherbob
2026-03-19 12:08,Kuniggsbog,Player Profiles,visit
2026-03-19 12:08,Kuniggsbog,Player Profiles,viewed:lasherbob
2026-03-19 12:08,Kuniggsbog,Player Profiles,visit
2026-03-19 12:08,Kuniggsbog,Player Profiles,viewed:lasherbob
2026-03-19 12:11,Kuniggsbog,Player Profiles,visit
2026-03-19 12:11,Kuniggsbog,Player Profiles,viewed:lasherbob
2026-03-19 12:11,Kuniggsbog,Player Profiles,visit
2026-03-19 12:11,Kuniggsbog,Player Profiles,visit
2026-03-19 12:11,Kuniggsbog,Player Profiles,visit
2026-03-19 12:11,Kuniggsbog,Player Profiles,visit
2026-03-19 12:11,Kuniggsbog,Player Profiles,viewed:Kuniggsbog
2026-03-19 12:12,Kuniggsbog,Head to Head,visit
2026-03-19 12:12,Kuniggsbog,Head to Head,h2h:-=LEO=- vs -Baba Yaga-
2026-03-19 12:13,Kuniggsbog,Dashboard,visit
2026-03-19 12:14,Kuniggsbog,Player Profiles,visit
2026-03-19 12:14,Kuniggsbog,Player Profiles,visit
2026-03-19 12:14,Kuniggsbog,Player Profiles,visit
2026-03-19 12:14,Kuniggsbog,Player Profiles,viewed:lasherbob
2026-03-19 12:14,Kuniggsbog,Metrics,visit
2026-03-19 12:15,Kuniggsbog,Hall of Fame,visit
2026-03-19 12:18,Kuniggsbog,Metrics,visit
2026-03-19 12:19,Kuniggsbog,QI,visit
2026-03-19 12:19,Kuniggsbog,GBG,visit
2026-03-19 12:20,Kuniggsbog,Dashboard,visit
2026-03-19 12:20,Kuniggsbog,Hall of Fame,visit
2026-03-19 12:22,Kuniggsbog,Dashboard,visit
2026-03-19 12:22,Kuniggsbog,Hall of Fame,visit
2026-03-19 12:24,Kuniggsbog,Head to Head,visit
2026-03-19 12:24,Kuniggsbog,Head to Head,h2h:-=LEO=- vs -Baba Yaga-
2026-03-19 12:24,Kuniggsbog,Head to Head,visit
2026-03-19 12:24,Kuniggsbog,Head to Head,h2h:-=LEO=- vs -Baba Yaga-
2026-03-19 12:24,Kuniggsbog,Head to Head,visit
2026-03-19 12:24,Kuniggsbog,Head to Head,h2h:-Baba Yaga- vs Kuniggsbog
2026-03-19 12:24,Kuniggsbog,Head to Head,visit
2026-03-19 12:24,Kuniggsbog,Head to Head,h2h:Kuniggsbog vs lasherbob
2026-03-19 12:27,Kuniggsbog,Dashboard,visit
2026-03-19 12:27,Kuniggsbog,Head to Head,visit
2026-03-19 12:27,Kuniggsbog,Head to Head,h2h:-=LEO=- vs -Baba Yaga-
2026-03-19 12:27,Kuniggsbog,Head to Head,visit
2026-03-19 12:27,Kuniggsbog,Head to Head,h2h:-Baba Yaga- vs Kuniggsbog
2026-03-19 12:27,Kuniggsbog,Head to Head,visit
2026-03-19 12:27,Kuniggsbog,Head to Head,h2h:Kuniggsbog vs lasherbob
2026-03-19 12:32,Kuniggsbog,Dashboard,visit
2026-03-19 12:32,Kuniggsbog,Head to Head,visit
2026-03-19 12:32,Kuniggsbog,Head to Head,h2h:-=LEO=- vs -Baba Yaga-
2026-03-19 12:35,Kuniggsbog,Dashboard,visit
2026-03-19 12:35,Kuniggsbog,Head to Head,visit
2026-03-19 12:35,Kuniggsbog,Head to Head,h2h:-=LEO=- vs -Baba Yaga-
2026-03-19 12:35,Kuniggsbog,Head to Head,visit
2026-03-19 12:35,Kuniggsbog,Head to Head,h2h:-Baba Yaga- vs Kuniggsbog
2026-03-19 12:36,Kuniggsbog,Head to Head,visit
2026-03-19 12:36,Kuniggsbog,Head to Head,h2h:Kuniggsbog vs lasherbob
2026-03-19 12:37,Kuniggsbog,Dashboard,visit
2026-03-19 12:37,Kuniggsbog,Head to Head,visit
2026-03-19 12:37,Kuniggsbog,Head to Head,h2h:Kuniggsbog vs lasherbob
2026-03-19 12:38,Kuniggsbog,Dashboard,visit
2026-03-19 12:38,Kuniggsbog,Head to Head,visit
2026-03-19 12:38,Kuniggsbog,Head to Head,h2h:Kuniggsbog vs lasherbob
2026-03-19 12:41,Kuniggsbog,Dashboard,visit
2026-03-19 12:41,Kuniggsbog,Head to Head,visit
2026-03-19 12:41,Kuniggsbog,Head to Head,h2h:Kuniggsbog vs lasherbob
2026-03-19 12:43,Kuniggsbog,Player Profiles,visit
2026-03-19 12:43,Kuniggsbog,Player Profiles,visit
2026-03-19 12:43,Kuniggsbog,Player Profiles,visit
2026-03-19 12:43,Kuniggsbog,Player Profiles,viewed:lasherbob
2026-03-19 12:47,Kuniggsbog,Dashboard,visit
2026-03-19 12:47,Kuniggsbog,Player Profiles,visit
2026-03-19 12:47,Kuniggsbog,Player Profiles,visit
2026-03-19 12:47,Kuniggsbog,Player Profiles,visit
2026-03-19 12:47,Kuniggsbog,Player Profiles,viewed:lasherbob
2026-03-19 12:51,Kuniggsbog,Dashboard,visit
2026-03-19 12:51,Kuniggsbog,Head to Head,visit
2026-03-19 12:51,Kuniggsbog,Head to Head,h2h:Kuniggsbog vs lasherbob
2026-03-19 12:51,Kuniggsbog,Player Profiles,visit
2026-03-19 12:51,Kuniggsbog,Player Profiles,visit
2026-03-19 12:51,Kuniggsbog,Player Profiles,visit
2026-03-19 12:51,Kuniggsbog,Player Profiles,viewed:lasherbob
2026-03-19 12:54,Kuniggsbog,Dashboard,visit
2026-03-19 12:54,Kuniggsbog,Player Profiles,visit
2026-03-19 12:54,Kuniggsbog,Player Profiles,visit
2026-03-19 12:54,Kuniggsbog,Player Profiles,visit
2026-03-19 12:54,Kuniggsbog,Player Profiles,viewed:lasherbob
2026-03-19 12:55,Kuniggsbog,Dashboard,visit
2026-03-19 12:56,Kuniggsbog,Player Profiles,visit
2026-03-19 12:56,Kuniggsbog,Player Profiles,visit
2026-03-19 12:56,Kuniggsbog,Player Profiles,visit
2026-03-19 12:56,Kuniggsbog,Player Profiles,viewed:lasherbob
2026-03-19 12:56,Kuniggsbog,Dashboard,visit
2026-03-19 12:57,Kuniggsbog,Player Profiles,visit
2026-03-19 12:57,Kuniggsbog,Player Profiles,viewed:lasherbob
2026-03-19 12:57,Kuniggsbog,Player Profiles,visit
2026-03-19 12:57,Kuniggsbog,Player Profiles,visit
2026-03-19 12:57,Kuniggsbog,Dashboard,visit
2026-03-19 12:58,Kuniggsbog,Player Profiles,visit
2026-03-19 13:01,Kuniggsbog,Dashboard,visit
2026-03-19 13:01,Kuniggsbog,Player Profiles,visit
2026-03-19 13:01,Kuniggsbog,Player Profiles,visit
2026-03-19 13:01,Kuniggsbog,Player Profiles,visit
2026-03-19 13:01,Kuniggsbog,Player Profiles,visit
2026-03-19 13:01,Kuniggsbog,Player Profiles,viewed:lasherbob
2026-03-19 13:01,Kuniggsbog,Player Profiles,visit
2026-03-19 13:01,Kuniggsbog,Player Profiles,visit
2026-03-19 14:48,Kuniggsbog,Dashboard,visit
2026-03-19 14:49,Kuniggsbog,GBG,visit
2026-03-19 14:49,Kuniggsbog,GBG,visit
2026-03-19 14:49,Kuniggsbog,QI,visit
2026-03-19 14:49,Kuniggsbog,Player Profiles,visit
2026-03-19 14:49,Kuniggsbog,Player Profiles,visit
2026-03-19 14:49,Kuniggsbog,Player Profiles,visit
2026-03-19 14:49,Kuniggsbog,Player Profiles,viewed:lasherbob
2026-03-19 14:50,Kuniggsbog,Player Profiles,visit
2026-03-19 14:50,Kuniggsbog,Player Profiles,visit
2026-03-19 14:50,Kuniggsbog,Player Profiles,visit
2026-03-19 14:50,Kuniggsbog,Player Profiles,visit
2026-03-19 14:50,Kuniggsbog,Player Profiles,viewed:DaFunkyMonkey
2026-03-19 14:50,Kuniggsbog,Player Profiles,visit
2026-03-19 14:50,Kuniggsbog,Player Profiles,visit
2026-03-19 14:51,Kuniggsbog,Head to Head,visit
2026-03-19 14:51,Kuniggsbog,Metrics,visit
2026-03-19 14:51,Kuniggsbog,Hall of Fame,visit
2026-03-19 14:51,Kuniggsbog,Hall of Fame,visit
2026-03-19 14:52,Kuniggsbog,Dashboard,visit
2026-03-19 14:55,Kuniggsbog,Dashboard,visit
2026-03-19 14:55,Kuniggsbog,Player Profiles,visit
2026-03-19 14:55,Kuniggsbog,Player Profiles,visit
2026-03-19 14:56,Kuniggsbog,Player Profiles,visit
2026-03-19 14:56,Kuniggsbog,Player Profiles,visit
2026-03-19 14:56,Kuniggsbog,Player Profiles,visit
2026-03-19 14:56,Kuniggsbog,Player Profiles,visit
2026-03-19 14:56,Kuniggsbog,Player Profiles,visit
2026-03-19 14:56,Kuniggsbog,Player Profiles,viewed:lasherbob
2026-03-19 14:56,Kuniggsbog,Player Profiles,visit
2026-03-19 14:56,Kuniggsbog,Player Profiles,visit
2026-03-19 14:57,Kuniggsbog,Player Profiles,visit
2026-03-19 14:57,Kuniggsbog,Player Profiles,visit
2026-03-19 14:57,Kuniggsbog,Player Profiles,visit
2026-03-19 14:57,Kuniggsbog,Player Profiles,viewed:Kuniggsbog
2026-03-19 14:59,Kuniggsbog,Player Profiles,visit
2026-03-19 14:59,Kuniggsbog,Player Profiles,visit
2026-03-19 14:59,Kuniggsbog,Player Profiles,visit
2026-03-19 14:59,Kuniggsbog,Player Profiles,visit
2026-03-19 14:59,Kuniggsbog,Player Profiles,viewed:lasherbob
2026-03-19 15:01,Kuniggsbog,Player Profiles,visit
2026-03-19 15:01,Kuniggsbog,Player Profiles,visit
2026-03-19 15:01,Kuniggsbog,Player Profiles,visit
2026-03-19 15:01,Kuniggsbog,Player Profiles,visit
2026-03-19 15:01,Kuniggsbog,Player Profiles,visit
2026-03-19 15:02,Kuniggsbog,Player Profiles,visit
2026-03-19 15:02,Kuniggsbog,Player Profiles,viewed:pForm
2026-03-19 15:02,Kuniggsbog,Player Profiles,visit
2026-03-19 15:02,Kuniggsbog,Player Profiles,viewed:pForm
2026-03-19 15:02,Kuniggsbog,Player Profiles,visit
2026-03-19 15:02,Kuniggsbog,Player Profiles,viewed:pForm
2026-03-19 15:02,Kuniggsbog,Head to Head,visit
2026-03-19 15:02,Kuniggsbog,Head to Head,h2h:Kuniggsbog vs lasherbob
2026-03-19 15:03,Kuniggsbog,Metrics,visit
2026-03-19 15:06,Kuniggsbog,Hall of Fame,visit
2026-03-19 15:06,Kuniggsbog,Hall of Fame,visit
2026-03-19 15:08,Kuniggsbog,Dashboard,visit
2026-03-19 15:10,Kuniggsbog,Head to Head,visit
2026-03-19 15:10,Kuniggsbog,Head to Head,visit
2026-03-19 15:10,Kuniggsbog,Head to Head,h2h:Kuniggsbog vs pForm
2026-03-19 15:11,Kuniggsbog,Dashboard,visit
2026-03-19 15:27,Kuniggsbog,Player Profiles,visit
2026-03-19 15:27,Kuniggsbog,Player Profiles,viewed:pForm
2026-03-19 15:45,Kuniggsbog,Dashboard,visit
2026-03-19 15:45,Kuniggsbog,Head to Head,visit
2026-03-19 15:45,Kuniggsbog,Head to Head,h2h:Kuniggsbog vs lasherbob
2026-03-19 15:48,Kuniggsbog,Dashboard,visit
2026-03-19 15:48,Kuniggsbog,Head to Head,visit
2026-03-19 15:48,Kuniggsbog,Head to Head,h2h:Kuniggsbog vs lasherbob
2026-03-19 15:48,Kuniggsbog,Head to Head,visit
2026-03-19 15:48,Kuniggsbog,Head to Head,h2h:Kuniggsbog vs edman4444
2026-03-19 15:49,Kuniggsbog,Player Profiles,visit
2026-03-19 15:49,Kuniggsbog,Player Profiles,visit
2026-03-19 15:49,Kuniggsbog,Player Profiles,visit
2026-03-19 15:49,Kuniggsbog,Player Profiles,viewed:lasherbob
2026-03-19 15:49,Kuniggsbog,Player Profiles,visit
2026-03-19 15:49,Kuniggsbog,Player Profiles,visit
2026-03-19 15:50,Kuniggsbog,Player Profiles,visit
2026-03-19 15:50,Kuniggsbog,Player Profiles,visit
2026-03-19 15:50,Kuniggsbog,Player Profiles,viewed:marco965
2026-03-19 15:50,Kuniggsbog,Player Profiles,visit
2026-03-19 15:50,Kuniggsbog,Player Profiles,visit
2026-03-19 15:51,Kuniggsbog,Player Profiles,visit
2026-03-19 15:53,Kuniggsbog,Player Profiles,visit
2026-03-19 15:53,Kuniggsbog,Dashboard,visit
2026-03-19 15:53,Kuniggsbog,Player Profiles,visit
2026-03-19 15:54,Kuniggsbog,Player Profiles,visit
2026-03-19 15:54,Kuniggsbog,Player Profiles,visit
2026-03-19 15:54,Kuniggsbog,Player Profiles,viewed:lasherbob
2026-03-19 15:54,Kuniggsbog,Player Profiles,visit
2026-03-19 15:54,Kuniggsbog,Player Profiles,viewed:lasherbob
2026-03-19 15:54,Kuniggsbog,Dashboard,visit
2026-03-19 16:13,Kuniggsbog,Dashboard,visit
2026-03-19 16:17,Kuniggsbog,Player Profiles,visit
2026-03-19 16:17,Kuniggsbog,Player Profiles,visit
2026-03-19 16:21,Kuniggsbog,Player Profiles,visit
2026-03-19 16:21,Kuniggsbog,Player Profiles,visit
2026-03-19 16:21,Kuniggsbog,Player Profiles,viewed:soldier00
2026-03-19 16:22,Kuniggsbog,Player Profiles,visit
2026-03-19 16:22,Kuniggsbog,Player Profiles,visit
2026-03-19 16:22,Kuniggsbog,Player Profiles,visit
2026-03-19 16:23,Kuniggsbog,Player Profiles,visit
2026-03-19 16:23,Kuniggsbog,Player Profiles,viewed:High Lord Timbum
2026-03-19 16:23,Kuniggsbog,Player Profiles,visit
2026-03-19 16:23,Kuniggsbog,Player Profiles,viewed:High Lord Timbum
2026-03-19 16:23,Kuniggsbog,Dashboard,visit
2026-03-19 16:26,Kuniggsbog,Dashboard,visit
2026-03-19 16:26,Dpunk,Dashboard,visit
2026-03-19 16:26,Kuniggsbog,Player Profiles,visit
2026-03-19 16:27,Kuniggsbog,Player Profiles,visit
2026-03-19 16:28,Kuniggsbog,Head to Head,visit
2026-03-19 16:28,Kuniggsbog,Head to Head,h2h:Kuniggsbog vs lasherbob
2026-03-19 16:28,Kuniggsbog,Head to Head,visit
2026-03-19 16:28,Kuniggsbog,Head to Head,h2h:Kuniggsbog vs lasherbob
2026-03-19 16:28,Bloody Pastor,Dashboard,visit
2026-03-19 16:28,Dpunk,Hall of Fame,visit
2026-03-19 16:28,Kuniggsbog,Head to Head,h2h:Dpunk vs Kuniggsbog
2026-03-19 16:29,Kuniggsbog,Dashboard,visit
2026-03-19 16:29,Bloody Pastor,GBG,visit
2026-03-19 16:31,Kuniggsbog,Player Profiles,visit
2026-03-19 16:32,Green II,QI,visit
2026-03-19 16:32,Green II,Head to Head,visit
2026-03-19 16:32,Green II,Head to Head,h2h:Green II vs lasherbob
2026-03-19 16:33,Green II,Dashboard,visit
2026-03-19 16:33,Kuniggsbog,Dashboard,visit
2026-03-19 16:33,Green II,GBG,visit
2026-03-19 16:34,Crusaderx,Dashboard,visit
2026-03-19 16:35,Dpunk,Dashboard,visit
2026-03-19 16:36,Green II,Player Profiles,visit
2026-03-19 16:36,Dpunk,Hall of Fame,visit
2026-03-19 16:36,Green II,Player Profiles,visit
2026-03-19 16:36,Green II,Player Profiles,visit
2026-03-19 16:36,Green II,Player Profiles,viewed:Aspandiat
2026-03-19 16:39,DutchTheIV,Dashboard,visit
2026-03-19 16:39,DutchTheIV,GBG,visit
2026-03-19 16:39,Kuniggsbog,Dashboard,visit
2026-03-19 16:39,DutchTheIV,Metrics,visit
2026-03-19 16:40,Dpunk,Metrics,visit
2026-03-19 16:40,Crusaderx,Head to Head,visit
2026-03-19 16:40,Crusaderx,Head to Head,h2h:Crusaderx vs lasherbob
2026-03-19 16:40,Dpunk,Metrics,visit
2026-03-19 16:40,Kuniggsbog,Metrics,visit
2026-03-19 16:43,Kuniggsbog,Dashboard,visit
2026-03-19 16:49,Aspandiat,Hall of Fame,visit
2026-03-19 16:49,Aspandiat,Hall of Fame,visit
2026-03-19 16:50,Aspandiat,Player Profiles,visit
2026-03-19 16:51,Bloody Pastor,QI,visit
2026-03-19 16:51,Kuniggsbog,Dashboard,visit
2026-03-19 16:51,Bloody Pastor,Player Profiles,visit
2026-03-19 16:52,Kuniggsbog,Player Profiles,visit
2026-03-19 16:53,Kuniggsbog,Player Profiles,visit
2026-03-19 16:53,Kuniggsbog,Player Profiles,visit
2026-03-19 16:53,Kuniggsbog,Player Profiles,visit
2026-03-19 16:54,Kuniggsbog,Player Profiles,visit
2026-03-19 16:54,Aspandiat,Player Profiles,visit
2026-03-19 16:54,Kuniggsbog,Player Profiles,viewed:Crusaderx
2026-03-19 16:54,Aspandiat,Player Profiles,visit
2026-03-19 17:05,Kuniggsbog,Dashboard,visit
2026-03-19 17:06,Kuniggsbog,Player Profiles,visit
2026-03-19 17:06,Kuniggsbog,Player Profiles,visit
2026-03-19 17:06,Kuniggsbog,Player Profiles,visit
2026-03-19 17:06,Kuniggsbog,Player Profiles,viewed:Crusaderx
2026-03-19 17:06,lasherbob,Dashboard,visit
2026-03-19 17:09,lasherbob,GBG,visit
2026-03-19 17:10,lasherbob,QI,visit
2026-03-19 17:10,lasherbob,Head to Head,visit
2026-03-19 17:10,lasherbob,Head to Head,h2h:Crusaderx vs lasherbob
2026-03-19 17:11,lasherbob,Metrics,visit
2026-03-19 17:11,lasherbob,Hall of Fame,visit
2026-03-19 17:15,Bloody Pastor,Head to Head,visit
2026-03-19 17:15,Bloody Pastor,Head to Head,h2h:Bloody Pastor vs lasherbob
2026-03-19 17:16,Bloody Pastor,Metrics,visit
2026-03-19 17:23,Kuniggsbog,Dashboard,visit
2026-03-19 17:31,Kuniggsbog,Dashboard,visit
2026-03-19 17:32,Kuniggsbog,Player Profiles,visit
2026-03-19 17:32,lasherbob,Hall of Fame,visit
2026-03-19 17:32,Kuniggsbog,Player Profiles,visit
2026-03-19 17:32,Kuniggsbog,Player Profiles,visit
2026-03-19 17:32,Kuniggsbog,Player Profiles,visit
2026-03-19 17:32,Kuniggsbog,Player Profiles,viewed:lasherbob
2026-03-19 17:32,High Lord Timbum,Dashboard,visit
2026-03-19 17:34,High Lord Timbum,Metrics,visit
2026-03-19 17:34,High Lord Timbum,Head to Head,visit
2026-03-19 17:34,High Lord Timbum,Head to Head,h2h:High Lord Timbum vs lasherbob
2026-03-19 17:34,High Lord Timbum,Player Profiles,visit
2026-03-19 17:34,High Lord Timbum,Player Profiles,visit
2026-03-19 17:34,High Lord Timbum,Player Profiles,visit
2026-03-19 17:34,High Lord Timbum,Player Profiles,viewed:Diabsian
2026-03-19 17:35,High Lord Timbum,Dashboard,visit
2026-03-19 17:35,marco965,Dashboard,visit
2026-03-19 17:37,marco965,GBG,visit
2026-03-19 17:38,marco965,Player Profiles,visit
2026-03-19 17:38,marco965,Player Profiles,visit
2026-03-19 17:38,marco965,Player Profiles,visit
2026-03-19 17:38,marco965,Player Profiles,viewed:marco965
2026-03-19 17:38,Bloody Pastor,Metrics,visit
2026-03-19 17:38,marco965,Player Profiles,viewed:marco965
2026-03-19 17:40,High Lord Timbum,GBG,visit
2026-03-19 17:40,marco965,Player Profiles,visit
2026-03-19 17:40,marco965,Player Profiles,viewed:marco965
2026-03-19 17:40,marco965,Player Profiles,visit
2026-03-19 17:40,marco965,Player Profiles,visit
2026-03-19 17:40,High Lord Timbum,Player Profiles,visit
2026-03-19 17:40,High Lord Timbum,Player Profiles,viewed:Diabsian
2026-03-19 17:41,marco965,Player Profiles,visit
2026-03-19 17:41,marco965,Player Profiles,visit
2026-03-19 17:41,marco965,Player Profiles,viewed:lasherbob
2026-03-19 17:42,marco965,Head to Head,visit
2026-03-19 17:42,marco965,Head to Head,h2h:lasherbob vs marco965
2026-03-19 17:45,marco965,Head to Head,visit
2026-03-19 17:45,marco965,Head to Head,h2h:Zodman vs marco965
2026-03-19 17:45,marco965,Head to Head,visit
2026-03-19 17:45,marco965,Head to Head,h2h:Zodman vs marco965
2026-03-19 17:45,lasherbob,Hall of Fame,visit
2026-03-19 17:45,marco965,Head to Head,h2h:Zodman vs marco965
2026-03-19 17:47,marco965,Metrics,visit
2026-03-19 17:48,marco965,Hall of Fame,visit
2026-03-19 17:51,marco965,Dashboard,visit
2026-03-19 17:58,Brudzilla,Dashboard,visit
2026-03-19 17:59,Kuniggsbog,Dashboard,visit
2026-03-19 18:00,Kuniggsbog,Player Profiles,visit
2026-03-19 18:00,Kuniggsbog,Player Profiles,visit
2026-03-19 18:00,marco965,Dashboard,visit
2026-03-19 18:01,Kuniggsbog,Player Profiles,visit
2026-03-19 18:01,Kuniggsbog,Player Profiles,visit
2026-03-19 18:02,Kuniggsbog,Player Profiles,viewed:Kuniggsbog
2026-03-19 18:02,Kuniggsbog,Player Profiles,visit
2026-03-19 18:02,Kuniggsbog,Player Profiles,visit
2026-03-19 18:03,Kuniggsbog,Player Profiles,visit
2026-03-19 18:03,Kuniggsbog,Player Profiles,visit
2026-03-19 18:03,Kuniggsbog,Player Profiles,viewed:marco965
2026-03-19 18:04,Kuniggsbog,Player Profiles,visit
2026-03-19 18:04,lasherbob,Hall of Fame,visit
2026-03-19 18:04,Kuniggsbog,Head to Head,visit
2026-03-19 18:04,Kuniggsbog,Head to Head,h2h:Kuniggsbog vs lasherbob
2026-03-19 18:05,Kuniggsbog,Head to Head,visit
2026-03-19 18:05,Kuniggsbog,Head to Head,h2h:High Lord Timbum vs Kuniggsbog
2026-03-19 18:06,Kuniggsbog,Metrics,visit
2026-03-19 18:07,Kuniggsbog,Hall of Fame,visit
2026-03-19 18:11,Kuniggsbog,GBG,visit
2026-03-19 18:11,Kuniggsbog,GBG,visit
2026-03-19 18:12,VFRMark.,Dashboard,visit
2026-03-19 18:18,VFRMark.,GBG,visit
2026-03-19 18:19,VFRMark.,GBG,visit
2026-03-19 18:19,lasherbob,Metrics,visit
2026-03-19 18:19,lasherbob,GBG,visit
2026-03-19 18:20,lasherbob,Dashboard,visit
2026-03-19 18:20,VFRMark.,GBG,visit
2026-03-19 18:20,VFRMark.,GBG,visit
2026-03-19 18:22,VFRMark.,QI,visit
2026-03-19 18:22,VFRMark.,Player Profiles,visit
2026-03-19 18:23,VFRMark.,Player Profiles,visit
2026-03-19 18:23,lasherbob,QI,visit
2026-03-19 18:23,lasherbob,Player Profiles,visit
2026-03-19 18:23,VFRMark.,Player Profiles,visit
2026-03-19 18:23,VFRMark.,Player Profiles,visit
2026-03-19 18:23,VFRMark.,Player Profiles,visit
2026-03-19 18:23,VFRMark.,Player Profiles,viewed:VFRMark.
2026-03-19 18:23,lasherbob,Head to Head,visit
2026-03-19 18:23,lasherbob,Head to Head,h2h:Crusaderx vs lasherbob
2026-03-19 18:24,lasherbob,Head to Head,visit
2026-03-19 18:24,lasherbob,Head to Head,h2h:Badvok the Bold vs lasherbob
2026-03-19 18:25,lasherbob,Hall of Fame,visit
2026-03-19 18:25,VFRMark.,Metrics,visit
2026-03-19 18:26,VFRMark.,Hall of Fame,visit
2026-03-19 18:28,VFRMark.,Metrics,visit
2026-03-19 18:28,VFRMark.,QI,visit
2026-03-19 18:29,marco965,GBG,visit
2026-03-19 18:30,marco965,Head to Head,visit
2026-03-19 18:30,marco965,Head to Head,h2h:lasherbob vs marco965
2026-03-19 18:30,marco965,Head to Head,visit
2026-03-19 18:30,marco965,Head to Head,h2h:Crusaderx vs marco965
2026-03-19 18:31,marco965,Head to Head,visit
2026-03-19 18:31,marco965,Head to Head,h2h:Crusaderx vs marco965
2026-03-19 18:31,marco965,Head to Head,visit
2026-03-19 18:31,marco965,Head to Head,visit
2026-03-19 18:31,marco965,Head to Head,h2h:Carra vs marco965
2026-03-19 18:33,Carra,Dashboard,visit
2026-03-19 18:35,Carra,Hall of Fame,visit
2026-03-19 18:35,marco965,Dashboard,visit
2026-03-19 18:36,lasherbob,Dashboard,visit
2026-03-19 18:37,Carra,GBG,visit
2026-03-19 18:38,lasherbob,Player Profiles,visit
2026-03-19 18:38,lasherbob,Hall of Fame,visit
2026-03-19 18:39,Carra,GBG,visit
2026-03-19 18:39,Carra,Metrics,visit
2026-03-19 18:47,Hadrian the Intrepid 121,Dashboard,visit
2026-03-19 18:49,Hadrian the Intrepid 121,GBG,visit
2026-03-19 18:50,Hadrian the Intrepid 121,Player Profiles,visit
2026-03-19 18:51,Hadrian the Intrepid 121,Head to Head,visit
2026-03-19 18:51,Hadrian the Intrepid 121,Head to Head,h2h:Hadrian the Intrepid 121 vs lasherbob
2026-03-19 18:52,Hadrian the Intrepid 121,Head to Head,visit
2026-03-19 18:52,Hadrian the Intrepid 121,Head to Head,h2h:Frodoo vs Hadrian the Intrepid 121
2026-03-19 18:52,marco965,Dashboard,visit
2026-03-19 19:43,Kuniggsbog,Dashboard,visit
2026-03-19 19:48,Kuniggsbog,Player Profiles,visit
2026-03-19 19:58,Kuniggsbog,Player Profiles,visit
2026-03-19 19:58,Kuniggsbog,Player Profiles,visit
2026-03-19 19:58,Kuniggsbog,Player Profiles,viewed:lasherbob
2026-03-19 20:19,Kuniggsbog,Player Profiles,visit
2026-03-19 20:19,marco965,Dashboard,visit
2026-03-19 20:19,Kuniggsbog,Player Profiles,visit
2026-03-19 20:19,Kuniggsbog,Player Profiles,visit
2026-03-19 20:20,Kuniggsbog,Player Profiles,visit
2026-03-19 20:20,Kuniggsbog,Player Profiles,viewed:Aspandiat
2026-03-19 20:27,Kuniggsbog,Dashboard,visit
2026-03-19 20:34,pForm,Dashboard,visit
2026-03-19 20:34,Selene the Blessed 1233,Dashboard,visit
2026-03-19 20:35,pForm,Player Profiles,visit
2026-03-19 20:35,pForm,Head to Head,visit
2026-03-19 20:35,pForm,Head to Head,h2h:lasherbob vs pForm
2026-03-19 20:36,ChilliBeanz62,Dashboard,visit
2026-03-19 20:37,ChilliBeanz62,GBG,visit
2026-03-19 20:37,pForm,Player Profiles,visit
2026-03-19 20:37,pForm,Player Profiles,visit
2026-03-19 20:37,Selene the Blessed 1233,Head to Head,visit
2026-03-19 20:37,Selene the Blessed 1233,Head to Head,h2h:Selene the Blessed 1233 vs lasherbob
2026-03-19 20:37,pForm,Hall of Fame,visit
2026-03-19 20:38,Selene the Blessed 1233,Metrics,visit
2026-03-19 20:38,pForm,Hall of Fame,visit
2026-03-19 20:38,Selene the Blessed 1233,Dashboard,visit
2026-03-19 20:42,pForm,QI,visit
2026-03-19 20:42,pForm,QI,visit
2026-03-19 20:42,pForm,QI,visit
2026-03-19 20:43,pForm,GBG,visit
2026-03-19 20:43,pForm,Hall of Fame,visit
2026-03-19 20:44,soldier00,Dashboard,visit
2026-03-19 20:46,pForm,Dashboard,visit
2026-03-19 20:47,soldier00,QI,visit
2026-03-19 20:48,soldier00,Player Profiles,visit
2026-03-19 20:50,pForm,Player Profiles,visit
2026-03-19 20:50,pForm,Player Profiles,visit
2026-03-19 20:50,pForm,Player Profiles,visit
2026-03-19 20:50,pForm,Player Profiles,viewed:Salikas
2026-03-19 20:51,pForm,Dashboard,visit
2026-03-19 20:51,pForm,Hall of Fame,visit
2026-03-19 20:53,pForm,Metrics,visit
2026-03-19 21:02,marco965,QI,visit
2026-03-19 21:11,marco965,Player Profiles,visit
2026-03-19 21:11,marco965,Player Profiles,viewed:lasherbob
2026-03-19 21:11,marco965,Player Profiles,visit
2026-03-19 21:12,marco965,Player Profiles,visit
2026-03-19 21:12,marco965,Player Profiles,visit
2026-03-19 21:12,marco965,Player Profiles,visit
2026-03-19 21:12,marco965,Player Profiles,viewed:marco965
2026-03-19 21:18,pForm,Hall of Fame,visit
2026-03-19 21:57,pForm,Dashboard,visit
2026-03-19 22:01,pForm,Hall of Fame,visit
2026-03-19 22:20,michealscott123,Dashboard,visit
2026-03-19 22:28,Kuniggsbog,Dashboard,visit
2026-03-19 22:28,Kuniggsbog,Player Profiles,visit
2026-03-19 23:24,Kuniggsbog,Dashboard,visit
2026-03-19 23:26,Kuniggsbog,GBG,visit
2026-03-19 23:34,Kuniggsbog,Dashboard,visit
2026-03-19 23:47,Kuniggsbog,Dashboard,visit
2026-03-19 23:47,Kuniggsbog,Player Profiles,visit
2026-03-19 23:48,Kuniggsbog,Player Profiles,visit
2026-03-19 23:48,Kuniggsbog,Player Profiles,visit
2026-03-19 23:48,Kuniggsbog,Player Profiles,viewed:lasherbob
2026-03-20 00:27,Kuniggsbog,Player Profiles,visit
2026-03-20 00:27,Kuniggsbog,Player Profiles,viewed:lasherbob
2026-03-20 00:29,Kuniggsbog,Dashboard,visit
2026-03-20 00:35,Kuniggsbog,Player Profiles,visit
2026-03-20 00:35,Kuniggsbog,Player Profiles,viewed:lasherbob
2026-03-20 00:35,Kuniggsbog,Player Profiles,visit
2026-03-20 00:35,Kuniggsbog,Player Profiles,visit
2026-03-20 00:36,Kuniggsbog,Player Profiles,visit
2026-03-20 00:36,Kuniggsbog,Player Profiles,visit
2026-03-20 00:36,Kuniggsbog,Player Profiles,viewed:Dn4lor
2026-03-20 01:09,Kuniggsbog,Dashboard,visit
2026-03-20 01:47,Kuniggsbog,Dashboard,visit
2026-03-20 04:28,-Baba Yaga-,Dashboard,visit
2026-03-20 04:34,-Baba Yaga-,Head to Head,visit
2026-03-20 04:34,-Baba Yaga-,Head to Head,h2h:-Baba Yaga- vs lasherbob
2026-03-20 04:35,-Baba Yaga-,Hall of Fame,visit
2026-03-20 04:36,-Baba Yaga-,GBG,visit
2026-03-20 08:49,Kuniggsbog,Dashboard,visit
2026-03-20 10:17,Kuniggsbog,Dashboard,visit
2026-03-20 10:21,Kuniggsbog,Dashboard,visit
2026-03-20 12:04,pForm,Dashboard,visit
2026-03-20 13:36,pForm,Hall of Fame,visit
2026-03-20 13:38,pForm,GBG,visit
2026-03-20 13:42,Kuniggsbog,Dashboard,visit
2026-03-20 13:42,Kuniggsbog,Player Profiles,visit
2026-03-20 14:00,Kuniggsbog,Dashboard,visit
2026-03-20 14:02,pForm,Hall of Fame,visit
2026-03-20 14:06,pForm,Metrics,visit
2026-03-20 14:07,pForm,Dashboard,visit
2026-03-20 14:16,pForm,Dashboard,visit
2026-03-20 14:25,Kuniggsbog,Player Profiles,visit
2026-03-20 14:25,Kuniggsbog,Player Profiles,visit
2026-03-20 14:25,Kuniggsbog,Player Profiles,visit
2026-03-20 14:25,Kuniggsbog,Player Profiles,viewed:Kuniggsbog
2026-03-20 14:29,Kuniggsbog,Dashboard,visit
2026-03-20 14:30,Kuniggsbog,Player Profiles,visit
2026-03-20 14:30,Kuniggsbog,Dashboard,visit
2026-03-20 14:31,Kuniggsbog,Player Profiles,visit
2026-03-20 14:34,Kuniggsbog,Dashboard,visit
2026-03-20 14:34,Kuniggsbog,Player Profiles,visit
2026-03-20 14:40,Kuniggsbog,Dashboard,visit
2026-03-20 14:40,Kuniggsbog,Player Profiles,visit
2026-03-20 14:41,Kuniggsbog,Player Profiles,visit
2026-03-20 14:41,Kuniggsbog,Player Profiles,visit
2026-03-20 14:42,Kuniggsbog,Player Profiles,visit
2026-03-20 14:42,Kuniggsbog,Player Profiles,visit
2026-03-20 14:54,Kuniggsbog,Metrics,visit
2026-03-20 15:13,Kuniggsbog,Player Profiles,visit
2026-03-20 15:35,Kuniggsbog,Dashboard,visit
2026-03-20 15:36,Kuniggsbog,Player Profiles,visit
2026-03-20 15:37,Kuniggsbog,Player Profiles,visit
2026-03-20 15:37,Kuniggsbog,Player Profiles,visit
2026-03-20 16:23,Kuniggsbog,Head to Head,h2h:Kuniggsbog vs lasherbob
2026-03-20 16:24,Kuniggsbog,Head to Head,visit
2026-03-20 16:24,Kuniggsbog,Head to Head,visit
2026-03-20 23:14,Kuniggsbog,Dashboard,visit
2026-03-20 23:51,Kuniggsbog,Player Profiles,visit
2026-03-20 23:53,Kuniggsbog,Player Profiles,visit
2026-03-20 23:53,Kuniggsbog,Player Profiles,visit
2026-03-21 00:15,pForm,Dashboard,visit
2026-03-21 00:16,pForm,Hall of Fame,visit
2026-03-21 00:43,Hadrian the Intrepid 121,Dashboard,visit
2026-03-21 00:47,Hadrian the Intrepid 121,GBG,visit
2026-03-21 00:47,Hadrian the Intrepid 121,GBG,visit
2026-03-21 00:47,Hadrian the Intrepid 121,Player Profiles,visit
2026-03-21 00:48,Hadrian the Intrepid 121,Player Profiles,visit
2026-03-21 00:48,Hadrian the Intrepid 121,Player Profiles,visit
2026-03-21 00:49,Hadrian the Intrepid 121,Metrics,visit
2026-03-21 00:49,Hadrian the Intrepid 121,Hall of Fame,visit
2026-03-21 00:52,pForm,Dashboard,visit
2026-03-21 01:28,Kuniggsbog,Player Profiles,visit
2026-03-21 01:28,Kuniggsbog,Player Profiles,visit
2026-03-21 01:28,Kuniggsbog,Player Profiles,visit
2026-03-21 01:28,Kuniggsbog,Player Profiles,visit
2026-03-21 03:36,Carra,Dashboard,visit
2026-03-21 03:36,Carra,GBG,visit
2026-03-21 08:33,Meandmyself,Dashboard,visit
2026-03-21 08:33,Meandmyself,GBG,visit
2026-03-21 08:34,Meandmyself,QI,visit
2026-03-21 08:34,Meandmyself,Player Profiles,visit
2026-03-21 08:35,Meandmyself,Head to Head,h2h:Meandmyself vs lasherbob
2026-03-21 08:35,Meandmyself,Head to Head,h2h:Meandmyself vs friendly
2026-03-21 08:36,Meandmyself,Metrics,visit
2026-03-21 10:26,Kuniggsbog,Dashboard,visit
2026-03-21 10:56,Kuniggsbog,Dashboard,visit
2026-03-21 12:23,Kuniggsbog,Dashboard,visit
2026-03-21 12:23,Kuniggsbog,Hall of Fame,visit
2026-03-21 13:45,pForm,Dashboard,visit
2026-03-21 13:46,pForm,Player Profiles,visit
2026-03-21 13:46,pForm,Player Profiles,visit
2026-03-21 13:46,pForm,Player Profiles,visit
2026-03-21 13:46,pForm,Player Profiles,visit
2026-03-21 13:47,pForm,Hall of Fame,visit
2026-03-21 13:48,pForm,Head to Head,visit
2026-03-21 14:31,Kuniggsbog,Dashboard,visit
2026-03-21 15:04,marco965,Dashboard,visit
2026-03-21 15:04,marco965,Head to Head,visit
2026-03-21 15:04,marco965,Head to Head,visit
2026-03-21 15:06,marco965,Dashboard,visit
2026-03-21 15:10,marco965,Dashboard,visit
2026-03-21 18:41,Hadrian the Intrepid 121,Dashboard,visit
2026-03-21 18:44,Hadrian the Intrepid 121,GBG,visit
2026-03-21 20:58,Kuniggsbog,Dashboard,visit
2026-03-21 22:05,Kuniggsbog,Dashboard,visit
2026-03-22 00:47,Kuniggsbog,Dashboard,visit
2026-03-22 00:48,Kuniggsbog,Hall of Fame,visit
2026-03-22 15:52,Kuniggsbog,Dashboard,visit
2026-03-22 15:53,Kuniggsbog,Head to Head,h2h:Kuniggsbog vs lasherbob
2026-03-22 15:53,Kuniggsbog,Player Profiles,visit
2026-03-22 15:53,Kuniggsbog,Player Profiles,visit
2026-03-22 15:53,Kuniggsbog,Player Profiles,visit
2026-03-22 15:58,Kuniggsbog,Player Profiles,visit
2026-03-22 15:58,Kuniggsbog,Player Profiles,visit
2026-03-22 15:58,Kuniggsbog,Player Profiles,visit
2026-03-22 15:58,Kuniggsbog,Player Profiles,visit
2026-03-22 17:53,Kuniggsbog,Dashboard,visit
2026-03-22 21:16,Kuniggsbog,Dashboard,visit
2026-03-22 23:34,Kuniggsbog,Player Profiles,visit
2026-03-22 23:34,Kuniggsbog,Player Profiles,visit
2026-03-22 23:34,Kuniggsbog,Player Profiles,visit
2026-03-23 09:32,Kuniggsbog,Dashboard,visit
2026-03-23 09:32,Kuniggsbog,GBG,visit
2026-03-23 09:33,Kuniggsbog,Dashboard,visit
2026-03-23 09:33,Kuniggsbog,Dashboard,visit
2026-03-23 09:33,Kuniggsbog,GBG,visit
2026-03-23 09:33,Kuniggsbog,GBG,visit
2026-03-23 09:34,Kuniggsbog,GBG,visit
2026-03-23 09:34,Kuniggsbog,GBG,visit
2026-03-23 09:34,Kuniggsbog,GBG,visit
2026-03-23 09:34,Kuniggsbog,GBG,visit
2026-03-23 09:34,Kuniggsbog,GBG,visit
2026-03-23 09:35,Kuniggsbog,GBG,visit
2026-03-23 09:35,Kuniggsbog,GBG,visit
2026-03-23 09:36,Kuniggsbog,Dashboard,visit
2026-03-23 09:36,Kuniggsbog,GBG,visit
2026-03-23 09:37,Kuniggsbog,Hall of Fame,visit
2026-03-23 09:39,Kuniggsbog,Dashboard,visit
2026-03-23 09:50,Kuniggsbog,Dashboard,visit
2026-03-23 09:51,Kuniggsbog,Player Profiles,visit
2026-03-23 09:52,Kuniggsbog,Player Profiles,visit
2026-03-23 09:52,Kuniggsbog,Player Profiles,visit
2026-03-23 09:52,Kuniggsbog,Player Profiles,visit
2026-03-23 09:52,Kuniggsbog,Player Profiles,visit
2026-03-23 09:53,Kuniggsbog,Player Profiles,visit
2026-03-23 09:53,Kuniggsbog,Player Profiles,visit
2026-03-23 09:53,Kuniggsbog,Player Profiles,visit
2026-03-23 09:53,Kuniggsbog,Player Profiles,visit
2026-03-23 09:53,Kuniggsbog,Player Profiles,visit
2026-03-23 09:53,Kuniggsbog,Player Profiles,visit
2026-03-23 09:54,Kuniggsbog,Player Profiles,visit
2026-03-23 09:54,Kuniggsbog,Player Profiles,visit
2026-03-23 09:54,Kuniggsbog,Player Profiles,visit
2026-03-23 09:54,Kuniggsbog,Player Profiles,visit
2026-03-23 09:54,Kuniggsbog,Player Profiles,visit
2026-03-23 09:54,Kuniggsbog,Player Profiles,visit
2026-03-23 09:54,Kuniggsbog,Player Profiles,visit
2026-03-23 10:01,-Baba Yaga-,Dashboard,visit
2026-03-23 10:02,-Baba Yaga-,GBG,visit
2026-03-23 10:02,-Baba Yaga-,GBG,visit
2026-03-23 10:43,Kuniggsbog,Player Profiles,visit
2026-03-23 10:43,Kuniggsbog,Player Profiles,visit
2026-03-23 10:43,Kuniggsbog,Player Profiles,viewed:lasherbob
2026-03-23 12:38,Kuniggsbog,Dashboard,visit
2026-03-23 12:38,Kuniggsbog,GBG,visit
2026-03-23 21:10,marco965,Dashboard,visit
2026-03-23 21:14,marco965,GBG,visit
2026-03-23 21:14,marco965,QI,visit
2026-03-23 21:14,marco965,Player Profiles,visit
2026-03-23 21:15,marco965,Player Profiles,visit
2026-03-23 21:15,marco965,Player Profiles,viewed:marco965
2026-03-23 21:17,marco965,Metrics,visit
2026-03-23 21:17,marco965,Hall of Fame,visit
2026-03-23 21:22,marco965,Player Profiles,visit
2026-03-23 21:23,marco965,Player Profiles,visit
2026-03-23 21:24,marco965,Player Profiles,visit
2026-03-23 21:24,marco965,Player Profiles,visit
2026-03-23 21:24,marco965,Player Profiles,visit
2026-03-23 21:24,marco965,Dashboard,visit
2026-03-24 00:15,Kuniggsbog,GBG,visit
2026-03-24 08:56,-=LEO=-,Player Profiles,visit
2026-03-24 08:56,-=LEO=-,Player Profiles,visit
2026-03-24 08:56,-=LEO=-,Player Profiles,visit
2026-03-24 08:57,-=LEO=-,Dashboard,visit
2026-03-24 08:58,-=LEO=-,Player Profiles,visit
2026-03-24 08:58,-=LEO=-,Metrics,visit
2026-03-24 08:59,-=LEO=-,Player Profiles,visit
2026-03-24 08:59,-=LEO=-,Player Profiles,visit
2026-03-24 08:59,-=LEO=-,Player Profiles,visit
2026-03-24 09:05,-=LEO=-,Metrics,visit
2026-03-24 09:06,-=LEO=-,Hall of Fame,visit
2026-03-24 09:06,-=LEO=-,QI,visit
2026-03-24 09:09,-Baba Yaga-,Player Profiles,visit
2026-03-24 09:09,-Baba Yaga-,Player Profiles,visit
2026-03-24 09:09,-Baba Yaga-,Player Profiles,visit
2026-03-24 09:10,-Baba Yaga-,Dashboard,visit
2026-03-24 09:10,-Baba Yaga-,Metrics,visit
2026-03-24 09:10,-Baba Yaga-,Player Profiles,viewed:lasherbob
2026-03-24 11:49,Kuniggsbog,Dashboard,visit
2026-03-24 11:50,Kuniggsbog,Player Profiles,visit
2026-03-24 11:50,Kuniggsbog,Player Profiles,visit
2026-03-24 11:50,Kuniggsbog,Player Profiles,visit
2026-03-24 12:04,Kuniggsbog,Dashboard,visit
2026-03-24 12:04,Kuniggsbog,Player Profiles,visit
2026-03-24 12:04,Kuniggsbog,Player Profiles,visit
2026-03-24 12:04,Kuniggsbog,Player Profiles,visit
2026-03-24 13:12,Kuniggsbog,Dashboard,visit
2026-03-24 19:17,Kuniggsbog,Dashboard,visit
2026-03-24 19:17,Kuniggsbog,GBG,visit
2026-03-24 20:19,0p1ate,Dashboard,visit
2026-03-24 20:23,0p1ate,Dashboard,visit
2026-03-24 20:23,0p1ate,Head to Head,h2h:0p1ate vs lasherbob
2026-03-24 20:24,0p1ate,Head to Head,h2h:0p1ate vs pForm
2026-03-24 20:24,Devils Deciple.,Dashboard,visit
2026-03-24 20:24,alterdestiny,Dashboard,visit
2026-03-24 20:25,Devils Deciple.,Dashboard,visit
2026-03-24 20:26,Aspandiat,Dashboard,visit
2026-03-24 20:26,alterdestiny,GBG,visit
2026-03-24 20:27,Aspandiat,Player Profiles,visit
2026-03-24 20:27,Aspandiat,Player Profiles,visit
2026-03-24 20:27,Aspandiat,Player Profiles,visit
2026-03-24 20:28,Aspandiat,Player Profiles,visit
2026-03-24 20:28,alterdestiny,Metrics,visit
2026-03-24 20:29,alterdestiny,Head to Head,visit
2026-03-24 20:29,Crusaderx,Dashboard,visit
2026-03-24 20:30,Aspandiat,Metrics,visit
2026-03-24 20:32,Aspandiat,QI,visit
2026-03-24 20:32,Aspandiat,GBG,visit
2026-03-24 20:33,Aspandiat,Dashboard,visit
2026-03-24 20:38,Kuniggsbog,Dashboard,visit
2026-03-24 20:40,Kuniggsbog,GBG,visit
2026-03-24 20:41,Kuniggsbog,Dashboard,visit
2026-03-24 20:43,Kuniggsbog,GBG,visit
2026-03-24 21:28,Carra,Dashboard,visit
2026-03-24 21:37,Carra,Dashboard,visit
2026-03-24 21:39,Carra,Player Profiles,visit
2026-03-24 21:40,Carra,Player Profiles,visit
2026-03-24 21:40,Carra,Player Profiles,visit
2026-03-24 21:40,Carra,Player Profiles,visit
2026-03-24 21:41,Carra,Player Profiles,visit
2026-03-24 21:41,Carra,Player Profiles,visit
2026-03-24 21:41,Carra,Player Profiles,visit
2026-03-24 21:41,Carra,Player Profiles,visit
2026-03-24 21:42,Carra,Head to Head,visit
2026-03-24 21:43,Carra,Head to Head,visit
2026-03-24 23:03,Kuniggsbog,Dashboard,visit
2026-03-25 00:42,Kuniggsbog,Dashboard,visit
2026-03-25 00:44,Kuniggsbog,Dashboard,visit
2026-03-25 00:44,Kuniggsbog,Player Profiles,visit
2026-03-25 00:44,Kuniggsbog,Player Profiles,visit
2026-03-25 00:44,Kuniggsbog,Player Profiles,visit
2026-03-25 00:44,Kuniggsbog,Player Profiles,viewed:lasherbob
2026-03-25 00:45,Kuniggsbog,Hall of Fame,visit
2026-03-25 00:46,Kuniggsbog,Snuggy Bug,question:Who are the top 5 fighters this season?
2026-03-25 00:48,Kuniggsbog,Dashboard,visit
2026-03-25 00:48,Kuniggsbog,Snuggy Bug,question:Who are the top 5 fighters this season?
2026-03-25 00:49,Kuniggsbog,Dashboard,visit
2026-03-25 00:49,Kuniggsbog,Snuggy Bug,question:Who are the top 5 fighters this season?
2026-03-25 00:50,Kuniggsbog,GBG,visit
2026-03-25 00:54,Kuniggsbog,GBG,visit
2026-03-25 00:54,Kuniggsbog,Dashboard,visit
2026-03-25 00:55,Kuniggsbog,Snuggy Bug,question:Who are the top 5 fighters this season?
2026-03-25 00:55,Kuniggsbog,Dashboard,visit
2026-03-25 01:00,Bernini,Dashboard,visit
2026-03-25 01:02,lasherbob,Dashboard,visit
2026-03-25 01:02,Kuniggsbog,Player Profiles,visit
2026-03-25 01:03,Kuniggsbog,Player Profiles,visit
2026-03-25 01:03,Kuniggsbog,Player Profiles,visit
2026-03-25 01:03,Kuniggsbog,Player Profiles,viewed:lasherbob
2026-03-25 01:03,Kuniggsbog,Player Profiles,visit
2026-03-25 01:03,Kuniggsbog,Player Profiles,visit
2026-03-25 01:03,Kuniggsbog,Player Profiles,visit
2026-03-25 01:03,Kuniggsbog,Player Profiles,visit
2026-03-25 01:03,Kuniggsbog,Player Profiles,viewed:Kuniggsbog
2026-03-25 01:03,Kuniggsbog,Player Profiles,visit
2026-03-25 01:04,Kuniggsbog,Player Profiles,visit
2026-03-25 01:04,lasherbob,GBG,visit
2026-03-25 01:04,Kuniggsbog,Player Profiles,visit
2026-03-25 01:04,Kuniggsbog,Player Profiles,visit
2026-03-25 01:04,Kuniggsbog,Player Profiles,viewed:mehdialone
2026-03-25 01:04,lasherbob,QI,visit
2026-03-25 01:04,lasherbob,Player Profiles,visit
2026-03-25 01:04,lasherbob,Metrics,visit
2026-03-25 01:04,lasherbob,Hall of Fame,visit
2026-03-25 01:05,Kuniggsbog,Snuggy Bug,question:who is the best player in Nexus?
2026-03-25 01:05,-Baba Yaga-,Snuggy Bug,question:How am I performing compared to my average?
2026-03-25 01:08,Kuniggsbog,Dashboard,visit
2026-03-25 01:09,Kuniggsbog,Snuggy Bug,question:who are the players that set their higher best this season i
2026-03-25 01:10,Kuniggsbog,Player Profiles,visit
2026-03-25 01:10,Kuniggsbog,Player Profiles,viewed:mehdialone
2026-03-25 01:10,Kuniggsbog,Player Profiles,visit
2026-03-25 01:10,Kuniggsbog,Player Profiles,visit
2026-03-25 01:11,Kuniggsbog,Player Profiles,visit
2026-03-25 01:11,Kuniggsbog,Player Profiles,visit
2026-03-25 01:11,Kuniggsbog,Player Profiles,viewed:Crusaderx
2026-03-25 01:11,Kuniggsbog,Player Profiles,visit
2026-03-25 01:11,Kuniggsbog,Player Profiles,visit
2026-03-25 01:12,Kuniggsbog,Player Profiles,visit
2026-03-25 01:12,-Baba Yaga-,Dashboard,visit
2026-03-25 01:12,Kuniggsbog,Player Profiles,visit
2026-03-25 01:12,Kuniggsbog,Player Profiles,visit
2026-03-25 01:12,Kuniggsbog,Player Profiles,viewed:pForm
2026-03-25 01:13,Kuniggsbog,GBG,visit
2026-03-25 01:13,Kuniggsbog,Snuggy Bug,question:what player had the biggest % increase in GBG?
2026-03-25 01:14,Kuniggsbog,GBG,visit
2026-03-25 01:15,Kuniggsbog,Snuggy Bug,question:top 5 Biggest % Increase in GBG
2026-03-25 01:16,Kuniggsbog,Hall of Fame,visit
2026-03-25 01:16,Kuniggsbog,Dashboard,visit
2026-03-25 01:20,Kuniggsbog,QI,visit
2026-03-25 01:20,Kuniggsbog,Head to Head,visit
2026-03-25 01:20,Kuniggsbog,Head to Head,h2h:Kuniggsbog vs lasherbob
2026-03-25 01:22,Kuniggsbog,Head to Head,visit
2026-03-25 01:22,Kuniggsbog,Dashboard,visit
2026-03-25 01:35,Kuniggsbog,Dashboard,visit
2026-03-25 01:37,Kuniggsbog,Dashboard,visit
2026-03-25 01:37,Kuniggsbog,Player Profiles,visit
2026-03-25 01:37,Kuniggsbog,Player Profiles,visit
2026-03-25 01:38,Kuniggsbog,Player Profiles,visit
2026-03-25 01:38,Kuniggsbog,Player Profiles,visit
2026-03-25 01:38,Kuniggsbog,Player Profiles,viewed:lasherbob
2026-03-25 01:39,Kuniggsbog,Hall of Fame,visit
2026-03-25 01:41,Kuniggsbog,Snuggy Bug,question:Who has the biggest gbg attack?
2026-03-25 01:42,Kuniggsbog,Metrics,visit
2026-03-25 02:00,pForm,Dashboard,visit
2026-03-25 02:00,pForm,Metrics,visit
2026-03-25 02:03,Hadrian the Intrepid 121,Dashboard,visit
2026-03-25 02:19,Ellwinara,Dashboard,visit
2026-03-25 02:23,Ellwinara,Hall of Fame,visit
2026-03-25 02:25,Ellwinara,Player Profiles,visit
2026-03-25 02:28,Dn4lor,Dashboard,visit
2026-03-25 02:28,Ellwinara,Player Profiles,visit
2026-03-25 02:28,Ellwinara,Player Profiles,visit
2026-03-25 02:28,Ellwinara,Player Profiles,viewed:Ellwinara
2026-03-25 02:29,Dn4lor,QI,visit
2026-03-25 02:29,Dn4lor,Hall of Fame,visit
2026-03-25 02:29,Dn4lor,Snuggy Bug,question:Which players are below minimum?
2026-03-25 02:30,Ellwinara,Head to Head,visit
2026-03-25 02:32,Ellwinara,QI,visit
2026-03-25 04:13,High Lord Timbum,Snuggy Bug,question:How am I performing compared to my average?
2026-03-25 04:14,High Lord Timbum,Dashboard,visit
2026-03-25 05:32,TSTT,Dashboard,visit
2026-03-25 05:33,TSTT,Player Profiles,visit
2026-03-25 05:33,TSTT,Dashboard,visit
2026-03-25 05:44,marco965,Dashboard,visit
2026-03-25 05:45,marco965,GBG,visit
2026-03-25 05:45,marco965,Player Profiles,visit
2026-03-25 05:46,marco965,Snuggy Bug,question:Which players are below minimum?
2026-03-25 05:48,marco965,Dashboard,visit
2026-03-25 05:49,marco965,Player Profiles,visit
2026-03-25 05:50,marco965,Player Profiles,visit
2026-03-25 05:50,marco965,Player Profiles,visit
2026-03-25 05:50,marco965,Player Profiles,viewed:marco965
2026-03-25 05:53,marco965,Metrics,visit
2026-03-25 05:54,marco965,Snuggy Bug,question:How am I performing compared to my average?
2026-03-25 05:56,marco965,Hall of Fame,visit
2026-03-25 05:57,marco965,Dashboard,visit
2026-03-25 08:29,Dpunk,Dashboard,visit
2026-03-25 08:56,pywackit,Dashboard,visit
2026-03-25 09:47,Kuniggsbog,Dashboard,visit
2026-03-25 09:48,Kuniggsbog,Snuggy Bug,question:who is the player with biggest % increase in GBG in the last
2026-03-25 09:49,Kuniggsbog,Snuggy Bug,question:who is the player with biggest % increase in GBG in all the 
2026-03-25 09:53,Kuniggsbog,Dashboard,visit
2026-03-25 09:54,Kuniggsbog,Snuggy Bug,question:what is the biggest % increase in GBG all times?
2026-03-25 09:55,Kuniggsbog,GBG,visit
2026-03-25 10:00,Kuniggsbog,Dashboard,visit
2026-03-25 10:01,Kuniggsbog,Snuggy Bug,question:who has the biggest % increase in GBG last round?
2026-03-25 10:01,Kuniggsbog,GBG,visit
2026-03-25 10:06,Kuniggsbog,Dashboard,visit
2026-03-25 10:06,Kuniggsbog,Snuggy Bug,"question:who has the biggest % increase in GBG last
round?"
2026-03-25 10:08,Kuniggsbog,Dashboard,visit
2026-03-25 10:08,Kuniggsbog,Snuggy Bug,"question:who has the biggest % increase in GBG last
round?"
2026-03-25 10:09,Kuniggsbog,Snuggy Bug,question:who has the biggest % increase in GBG all time?
2026-03-25 10:10,Kuniggsbog,GBG,visit
2026-03-25 10:10,Kuniggsbog,GBG,visit
2026-03-25 10:10,Kuniggsbog,GBG,visit
2026-03-25 10:15,Kuniggsbog,Dashboard,visit
2026-03-25 10:15,Kuniggsbog,GBG,visit
2026-03-25 10:16,Kuniggsbog,Dashboard,visit
2026-03-25 10:17,Kuniggsbog,GBG,visit
2026-03-25 10:17,Kuniggsbog,GBG,visit
2026-03-25 10:17,Kuniggsbog,GBG,visit
2026-03-25 10:17,Kuniggsbog,GBG,visit
2026-03-25 10:17,Kuniggsbog,GBG,visit
2026-03-25 10:18,Kuniggsbog,GBG,visit
2026-03-25 10:18,Kuniggsbog,GBG,visit
2026-03-25 10:18,Kuniggsbog,GBG,visit
2026-03-25 10:18,Kuniggsbog,QI,visit
2026-03-25 10:18,Kuniggsbog,QI,visit
2026-03-25 10:20,Kuniggsbog,QI,visit
2026-03-25 10:21,Kuniggsbog,Dashboard,visit
2026-03-25 10:22,Kuniggsbog,QI,visit
2026-03-25 10:22,Kuniggsbog,QI,visit
2026-03-25 10:22,Kuniggsbog,QI,visit
2026-03-25 10:22,Kuniggsbog,QI,visit
2026-03-25 10:23,Kuniggsbog,QI,visit
2026-03-25 10:23,Kuniggsbog,Player Profiles,visit
2026-03-25 10:23,Kuniggsbog,Player Profiles,visit
2026-03-25 10:23,Kuniggsbog,Player Profiles,visit
2026-03-25 10:23,Kuniggsbog,Player Profiles,viewed:lasherbob
2026-03-25 10:24,Kuniggsbog,Player Profiles,visit
2026-03-25 10:24,Kuniggsbog,Player Profiles,viewed:lasherbob
2026-03-25 10:24,Kuniggsbog,Player Profiles,visit
2026-03-25 10:24,Kuniggsbog,Player Profiles,visit
2026-03-25 10:51,Kuniggsbog,Dashboard,visit
2026-03-25 10:51,Kuniggsbog,Dashboard,visit
2026-03-25 11:45,Kuniggsbog,Dashboard,visit
2026-03-25 11:45,Kuniggsbog,Head to Head,visit
2026-03-25 11:46,Kuniggsbog,Head to Head,h2h:Kuniggsbog vs lasherbob
2026-03-25 11:46,Kuniggsbog,Player Profiles,visit
2026-03-25 11:46,Kuniggsbog,Player Profiles,visit
2026-03-25 11:46,Kuniggsbog,Player Profiles,visit
2026-03-25 11:46,Kuniggsbog,Player Profiles,viewed:lasherbob
2026-03-25 11:46,Kuniggsbog,Dashboard,visit
2026-03-25 11:47,Kuniggsbog,GBG,visit
2026-03-25 11:47,Kuniggsbog,Hall of Fame,visit
2026-03-25 12:21,pForm,Metrics,visit
2026-03-25 12:21,pForm,Dashboard,visit
2026-03-25 12:31,Kuniggsbog,Dashboard,visit
2026-03-25 12:33,Kuniggsbog,Dashboard,visit
2026-03-25 12:33,Kuniggsbog,Player Profiles,visit
2026-03-25 12:33,Kuniggsbog,Player Profiles,visit
2026-03-25 12:33,Kuniggsbog,Player Profiles,visit
2026-03-25 12:34,Kuniggsbog,Player Profiles,visit
2026-03-25 12:34,Kuniggsbog,Player Profiles,viewed:lasherbob
2026-03-25 12:34,Kuniggsbog,Dashboard,visit
2026-03-25 13:07,Kuniggsbog,Dashboard,visit
2026-03-25 13:07,Kuniggsbog,Player Profiles,visit
2026-03-25 13:07,Kuniggsbog,Player Profiles,visit
2026-03-25 13:07,Kuniggsbog,Player Profiles,visit
2026-03-25 13:07,Kuniggsbog,Player Profiles,viewed:lasherbob
2026-03-25 13:54,Kuniggsbog,Head to Head,visit
2026-03-25 13:54,Kuniggsbog,Head to Head,h2h:Kuniggsbog vs lasherbob
2026-03-25 13:56,Kuniggsbog,Dashboard,visit
2026-03-25 14:00,Kuniggsbog,Player Profiles,visit
2026-03-25 14:00,Kuniggsbog,Player Profiles,viewed:lasherbob
2026-03-25 14:05,Kuniggsbog,Dashboard,visit
2026-03-25 14:05,Kuniggsbog,Player Profiles,visit
2026-03-25 14:06,Kuniggsbog,Player Profiles,visit
2026-03-25 14:06,Kuniggsbog,Player Profiles,visit
2026-03-25 14:06,Kuniggsbog,Player Profiles,viewed:lasherbob
2026-03-25 14:06,Kuniggsbog,Player Profiles,visit
2026-03-25 14:06,Kuniggsbog,Player Profiles,visit
2026-03-25 14:07,Kuniggsbog,Dashboard,visit
2026-03-25 14:07,Kuniggsbog,Player Profiles,visit
2026-03-25 14:07,Kuniggsbog,Player Profiles,visit
2026-03-25 14:07,Kuniggsbog,Player Profiles,visit
2026-03-25 14:07,Kuniggsbog,Player Profiles,visit
2026-03-25 14:07,Kuniggsbog,Player Profiles,visit
2026-03-25 14:07,Kuniggsbog,Player Profiles,viewed:lasherbob
2026-03-25 14:08,Kuniggsbog,Player Profiles,visit
2026-03-25 14:08,Kuniggsbog,Player Profiles,visit
2026-03-25 14:27,Kuniggsbog,Player Profiles,visit
2026-03-25 14:27,Kuniggsbog,Dashboard,visit
2026-03-25 14:28,Kuniggsbog,Player Profiles,visit
2026-03-25 14:28,Kuniggsbog,Player Profiles,visit
2026-03-25 14:28,Kuniggsbog,Player Profiles,visit
2026-03-25 14:28,Kuniggsbog,Player Profiles,viewed:lasherbob
2026-03-25 14:28,Kuniggsbog,Player Profiles,visit
2026-03-25 14:28,Kuniggsbog,Player Profiles,viewed:lasherbob
2026-03-25 14:29,Kuniggsbog,Hall of Fame,visit
2026-03-25 14:29,Kuniggsbog,Dashboard,visit
2026-03-25 14:33,Kuniggsbog,Player Profiles,viewed:lasherbob
2026-03-25 14:33,Kuniggsbog,Player Profiles,visit
2026-03-25 14:33,Kuniggsbog,Player Profiles,visit
2026-03-25 14:33,Kuniggsbog,Player Profiles,visit
2026-03-25 14:33,Kuniggsbog,Player Profiles,visit
2026-03-25 14:34,Kuniggsbog,Player Profiles,visit
2026-03-25 14:34,Kuniggsbog,Player Profiles,visit
2026-03-25 14:34,Kuniggsbog,Player Profiles,visit
2026-03-25 14:34,Kuniggsbog,Player Profiles,viewed:Kuniggsbog
2026-03-25 14:34,Kuniggsbog,Player Profiles,visit
2026-03-25 14:34,Kuniggsbog,Player Profiles,viewed:Kuniggsbog
2026-03-25 14:37,Kuniggsbog,Player Profiles,visit
2026-03-25 14:37,Kuniggsbog,Player Profiles,viewed:Kuniggsbog
2026-03-25 14:37,Kuniggsbog,Player Profiles,visit
2026-03-25 14:37,Kuniggsbog,Player Profiles,viewed:Kuniggsbog
2026-03-25 14:37,Kuniggsbog,Player Profiles,visit
2026-03-25 14:37,Kuniggsbog,Player Profiles,visit
2026-03-25 14:37,Kuniggsbog,Player Profiles,visit
2026-03-25 14:37,Kuniggsbog,Player Profiles,visit
2026-03-25 14:37,Kuniggsbog,Player Profiles,viewed:Carra
2026-03-25 15:36,Kuniggsbog,Player Profiles,visit
2026-03-25 15:36,Kuniggsbog,Player Profiles,visit
2026-03-25 15:36,Kuniggsbog,Snuggy Bug,question:who is the player with the lowest consistency?
2026-03-25 15:37,Kuniggsbog,Player Profiles,visit
2026-03-25 15:37,Kuniggsbog,Player Profiles,visit
2026-03-25 15:37,Kuniggsbog,Player Profiles,visit
2026-03-25 15:37,Kuniggsbog,Player Profiles,visit
2026-03-25 15:37,Kuniggsbog,Player Profiles,viewed:mehdialone
2026-03-25 15:37,Kuniggsbog,Player Profiles,visit
2026-03-25 15:37,Kuniggsbog,Player Profiles,viewed:mehdialone
2026-03-25 15:38,Kuniggsbog,Player Profiles,visit
2026-03-25 15:38,Kuniggsbog,Player Profiles,visit
2026-03-25 15:38,Kuniggsbog,Metrics,visit
2026-03-25 15:44,Kuniggsbog,Hall of Fame,visit
2026-03-25 15:45,Kuniggsbog,Head to Head,visit
2026-03-25 15:45,Kuniggsbog,Head to Head,h2h:Kuniggsbog vs lasherbob
2026-03-25 15:59,Kuniggsbog,QI,visit
2026-03-25 15:59,Kuniggsbog,QI,visit
2026-03-25 17:36,Kuniggsbog,Dashboard,visit
2026-03-25 17:36,Kuniggsbog,Player Profiles,visit
2026-03-25 17:36,Kuniggsbog,Player Profiles,visit
2026-03-25 17:36,Kuniggsbog,GBG,visit
2026-03-25 17:37,Kuniggsbog,Dashboard,visit
2026-03-25 17:37,Kuniggsbog,Metrics,visit
2026-03-25 17:38,Kuniggsbog,Dashboard,visit
2026-03-25 20:30,Selene the Blessed 1233,Snuggy Bug,question:How am I performing compared to my average?
2026-03-25 20:56,willow324,Dashboard,visit
2026-03-25 20:56,willow324,Dashboard,visit
2026-03-25 22:58,DutchTheIV,Dashboard,visit
2026-03-25 22:59,Kuniggsbog,Dashboard,visit
2026-03-25 23:00,Kuniggsbog,Player Profiles,visit
2026-03-25 23:00,Kuniggsbog,Player Profiles,visit
2026-03-25 23:00,Kuniggsbog,Player Profiles,visit
2026-03-25 23:00,Kuniggsbog,Player Profiles,viewed:lasherbob
2026-03-25 23:01,Kuniggsbog,Dashboard,visit
2026-03-25 23:03,Kuniggsbog,Player Profiles,visit
2026-03-25 23:03,Kuniggsbog,Player Profiles,viewed:lasherbob
2026-03-25 23:13,Kuniggsbog,Player Profiles,visit
2026-03-25 23:13,Kuniggsbog,Player Profiles,visit
2026-03-25 23:13,Kuniggsbog,Dashboard,visit
2026-03-25 23:13,Kuniggsbog,GBG,visit
2026-03-25 23:33,Kuniggsbog,Dashboard,visit
2026-03-25 23:41,Kuniggsbog,QI,visit
2026-03-25 23:42,Kuniggsbog,Dashboard,visit
2026-03-26 00:19,pForm,Dashboard,visit
2026-03-26 00:19,pForm,Metrics,visit
2026-03-26 00:20,pForm,Hall of Fame,visit
2026-03-26 09:35,Kuniggsbog,Dashboard,visit
2026-03-26 10:30,Bernini,Dashboard,visit
2026-03-26 10:31,Bernini,QI,visit
2026-03-26 10:36,Bernini,Snuggy Bug,"question:Hey mate, how are you doing? Many of us have sent an appeal "
2026-03-26 10:37,Bernini,Snuggy Bug,question:That was a quick reply...is it AI?
2026-03-26 10:40,Bernini,Snuggy Bug,question:Can you give me the best build plan for QI settlement?
2026-03-26 10:42,Bernini,Snuggy Bug,question:Thanks :)
2026-03-26 16:56,Bernini,Metrics,visit
2026-03-26 16:57,Bernini,Player Profiles,visit
2026-03-26 16:57,Bernini,Player Profiles,visit
2026-03-26 16:57,Bernini,Player Profiles,visit
2026-03-26 16:57,Bernini,Player Profiles,viewed:Bernini
2026-03-26 18:09,pywackit,Dashboard,visit
2026-03-26 19:08,Kuniggsbog,Dashboard,visit
2026-03-26 19:14,soldier00,Dashboard,visit
2026-03-26 20:00,0p1ate,Dashboard,visit
2026-03-26 20:28,pForm,Dashboard,visit
2026-03-26 20:29,pForm,Player Profiles,visit
2026-03-26 20:30,pForm,Hall of Fame,visit
2026-03-27 00:12,Kuniggsbog,Dashboard,visit
2026-03-27 13:59,Kuniggsbog,Dashboard,visit
2026-03-27 15:00,Kuniggsbog,Dashboard,visit
2026-03-27 15:01,Kuniggsbog,Dashboard,visit
2026-03-27 15:01,Kuniggsbog,Player Profiles,visit
2026-03-27 15:01,Kuniggsbog,Player Profiles,visit
2026-03-27 15:01,Kuniggsbog,Player Profiles,visit
2026-03-27 15:01,Kuniggsbog,Player Profiles,visit
2026-03-27 15:01,Kuniggsbog,Player Profiles,viewed:Kuniggsbog
2026-03-27 15:03,Kuniggsbog,Player Profiles,visit
2026-03-27 15:03,Kuniggsbog,Dashboard,visit
2026-03-27 15:15,peri1,Dashboard,visit
2026-03-27 15:15,peri1,QI,visit
2026-03-27 15:16,peri1,QI,visit
2026-03-27 15:17,peri1,GBG,visit
2026-03-27 15:17,peri1,GBG,visit
2026-03-27 15:38,FastGunner,Dashboard,visit
2026-03-27 15:39,FastGunner,GBG,visit
2026-03-27 15:41,FastGunner,Dashboard,visit
2026-03-27 16:04,-Baba Yaga-,Dashboard,visit
2026-03-27 16:23,pywackit,Player Profiles,visit
2026-03-27 16:27,Carra,Dashboard,visit
2026-03-27 16:37,pForm,Metrics,visit
2026-03-27 16:39,pForm,Player Profiles,visit
2026-03-27 16:40,pForm,Player Profiles,visit
2026-03-27 16:40,pForm,Player Profiles,visit
2026-03-27 16:40,pForm,Player Profiles,viewed:lasherbob
2026-03-27 17:50,-Baba Yaga-,Dashboard,visit
2026-03-27 18:16,-=LEO=-,QI,visit
2026-03-27 19:39,-=LEO=-,QI,visit
2026-03-27 19:39,-=LEO=-,Head to Head,visit
2026-03-27 19:39,-=LEO=-,Head to Head,h2h:-=LEO=- vs lasherbob
2026-03-27 19:40,pywackit,Player Profiles,visit
2026-03-27 19:40,pywackit,QI,visit
2026-03-27 19:41,-=LEO=-,Dashboard,visit
2026-03-27 19:53,-=LEO=-,GBG,visit
2026-03-27 19:54,-=LEO=-,QI,visit
2026-03-27 19:54,-=LEO=-,Player Profiles,visit
2026-03-27 19:54,-=LEO=-,Metrics,visit
2026-03-27 19:55,-=LEO=-,Hall of Fame,visit
2026-03-27 20:00,-=LEO=-,Dashboard,visit
2026-03-27 20:00,-=LEO=-,GBG,visit
2026-03-27 20:01,-=LEO=-,QI,visit
2026-03-27 20:01,-=LEO=-,Hall of Fame,visit
2026-03-27 20:07,-Baba Yaga-,Dashboard,visit
2026-03-27 20:08,-Baba Yaga-,Metrics,visit
2026-03-27 20:08,-Baba Yaga-,QI,visit
2026-03-27 20:19,pForm,Dashboard,visit
2026-03-27 20:31,=Alpha=Wolf=,Dashboard,visit
2026-03-27 20:34,Selene the Blessed 1233,Dashboard,visit
2026-03-27 20:34,Selene the Blessed 1233,GBG,visit
2026-03-27 20:35,Selene the Blessed 1233,Metrics,visit
2026-03-27 22:17,Kuniggsbog,Dashboard,visit
2026-03-27 22:30,-Baba Yaga-,Dashboard,visit
2026-03-28 00:00,pForm,Hall of Fame,visit
2026-03-28 00:49,Kuniggsbog,Player Profiles,visit
2026-03-28 00:50,Kuniggsbog,Player Profiles,visit
2026-03-28 00:50,Kuniggsbog,Player Profiles,visit
2026-03-28 00:50,Kuniggsbog,Player Profiles,viewed:lasherbob
2026-03-28 00:51,Kuniggsbog,Dashboard,visit
2026-03-28 14:28,Kuniggsbog,Dashboard,visit
2026-03-28 14:29,Kuniggsbog,Hall of Fame,visit
2026-03-28 14:29,Kuniggsbog,GBG,visit
2026-04-01 21:50,Kuniggsbog,Dashboard,visit
2026-04-01 21:55,Kuniggsbog,Dashboard,visit
2026-04-01 22:01,Kuniggsbog,Dashboard,visit
2026-04-01 22:02,Kuniggsbog,GBG,visit
2026-04-01 22:02,Kuniggsbog,Dashboard,visit
2026-04-01 22:04,Kuniggsbog,GBG,visit
2026-04-01 22:07,Kuniggsbog,Dashboard,visit
2026-04-01 22:10,Kuniggsbog,Hall of Fame,visit
2026-04-01 22:11,Kuniggsbog,Metrics,visit
2026-04-01 22:11,Kuniggsbog,Player Profiles,visit
2026-04-01 22:12,Kuniggsbog,Player Profiles,visit
2026-04-01 22:12,Kuniggsbog,Player Profiles,visit
2026-04-01 22:12,Kuniggsbog,Player Profiles,viewed:lasherbob
2026-04-01 22:12,Kuniggsbog,Metrics,visit
2026-04-01 22:12,Kuniggsbog,GBG,visit
2026-04-01 22:12,Kuniggsbog,Dashboard,visit
2026-04-01 22:21,Kuniggsbog,GBG,visit
2026-04-01 22:24,Kuniggsbog,QI,visit
2026-04-01 22:24,Kuniggsbog,Dashboard,visit
2026-04-01 22:25,Kuniggsbog,Dashboard,visit
2026-04-01 22:25,Kuniggsbog,Dashboard,visit
2026-04-01 22:26,Kuniggsbog,GBG,visit
2026-04-01 22:26,Kuniggsbog,Dashboard,visit
2026-04-01 22:34,Kuniggsbog,Hall of Fame,visit
2026-04-02 00:40,Kuniggsbog,Dashboard,visit
